Hash,"Duplicate Files"
674f50d287a8c48dc19ba404d20fe713,"C:\xampp\htdocs\apsdreamhomefinal\admin\assets\fonts\fontawesome-webfontd41d.eot"
ecff11700aad0000cf3503f537d1df17,"C:\xampp\htdocs\apsdreamhomefinal\admin\assets\plugins\light-gallery\fonts\lgd641.eot"
7d7f859347ab2c4241fb6022c8abef52,"C:\xampp\htdocs\apsdreamhomefinal\admin\property\01 LOGIN DETAILS & PROJECT INFO.txt"
5b193ba5d91ba41f34a2dc8e125406e0,"C:\xampp\htdocs\apsdreamhomefinal\admin\property\aps.jpg"
c9daa0837b3d3d423928fc4babb9c913,"C:\xampp\htdocs\apsdreamhomefinal\admin\upload\aps design.jpg"
b6a9b3d3aec544de23aeb6f8b05f0228,"C:\xampp\htdocs\apsdreamhomefinal\admin\upload\APS.jpg"
dad7adc823229368a2cf6d4afcd63b26,"C:\xampp\htdocs\apsdreamhomefinal\admin\upload\images.jpg"
36ec186dc9a813187a4f4584da44be6f,"C:\xampp\htdocs\apsdreamhomefinal\admin\uploads\66d755773f630.jpg"
3e757e97688031d134efc2b3c45a930e,"C:\xampp\htdocs\apsdreamhomefinal\admin\uploads\66d7585db2365.pdf"
fc9bed59c5d6f8853c5bec99df223c53,"C:\xampp\htdocs\apsdreamhomefinal\admin\user\IMG_0035.JPG"
d41d8cd98f00b204e9800998ecf8427e,"C:\xampp\htdocs\apsdreamhomefinal\admin\user\report.php"
2ba34db7fb1c319e91ba098c4250aab2,"C:\xampp\htdocs\apsdreamhomefinal\assets\fonts\feathericon.eot"
68b329da9893e34099c7d8ad5cb9c940,"C:\xampp\htdocs\apsdreamhomefinal\assets\images\aps-logo.png"
fc9fa7362587232ad02720d57e7accc2,"C:\xampp\htdocs\apsdreamhomefinal\assets\images\banner\ban6.jpg"
68b2e860b54d411ad94fac5a30da5ec6,"C:\xampp\htdocs\apsdreamhomefinal\assets\images\bg-image\pattern\bg-1.jpg"
0f54aaafaa678b870f6c38a9bbfabae9,"C:\xampp\htdocs\apsdreamhomefinal\assets\images\bg-image\pattern\bg-2.jpg"
5e01be422afd8da3c60c04733d34c6f5,"C:\xampp\htdocs\apsdreamhomefinal\assets\images\bg-image\pattern\bg-3.jpg"
36834533d1b8cc7930476372909e672d,"C:\xampp\htdocs\apsdreamhomefinal\assets\images\hero\luxury-home-2.jpg"
9519d3420853277c352d1d34672776ce,"C:\xampp\htdocs\apsdreamhomefinal\assets\images\legal\coi.jpg"
c9cf49d84892a07ccc0184d7c6df8c13,"C:\xampp\htdocs\apsdreamhomefinal\assets\images\property\apspng.jpg"
f77af2d0e5a0a52c7c49f2d7d75aa99e,"C:\xampp\htdocs\apsdreamhomefinal\assets\images\property\comercial area.avif"
e1f1381302d0076be58c8f783773adb1,"C:\xampp\htdocs\apsdreamhomefinal\assets\images\property\comercial.jpeg"
38396442dfd73b2af5e70e549f4d8c83,"C:\xampp\htdocs\apsdreamhomefinal\assets\images\property\floorplan_sample.jpg"
a055af490e2bd589c6221f276f27fb7a,"C:\xampp\htdocs\apsdreamhomefinal\assets\images\property\IMG-20240824-WA0008.jpg"
7a451647d3c340d8d3216e37be2dde0a,"C:\xampp\htdocs\apsdreamhomefinal\assets\images\property\IMG-20240824-WA0009.jpg"
ffe45ef8776339d55fb353d4ccce4079,"C:\xampp\htdocs\apsdreamhomefinal\assets\images\property\zillhms1.jpg"
b08cbc47078daed23b1360a9ddcaa30b,"C:\xampp\htdocs\apsdreamhomefinal\assets\images\property\zillhms2.jpg"
c20751a55c4cd6a96d6a89c12dd4fc77,"C:\xampp\htdocs\apsdreamhomefinal\assets\images\property\zillhms3.jpg"
acf6a7a763298ce8ea89da51965d41fc,"C:\xampp\htdocs\apsdreamhomefinal\assets\images\property\zillhms4.jpg"
f366c3ce7b37382dd6c2dabd3571139f,"C:\xampp\htdocs\apsdreamhomefinal\assets\images\property\zillhms5.jpg"
0e14cbd492a4d2da34f679115b64145f,"C:\xampp\htdocs\apsdreamhomefinal\assets\images\property\zillhms6.jpg"
77f7428669ccd01a45fe56acf008aefb,"C:\xampp\htdocs\apsdreamhomefinal\assets\images\property\zillhms7.jpg"
a4dd3992da396c166672a9a4e3ee2f47,"C:\xampp\htdocs\apsdreamhomefinal\assets\images\site_photo\gorakhpur\APSSuryodayaLayout.pdf"
928c95bf20aecd42e1082a592f576cc1,"C:\xampp\htdocs\apsdreamhomefinal\assets\images\site_photo\gorakhpur\CERTIFICATE OF INCORPORATION.PDF"
20187645d6a43b9e88b2c5c558f9c6da,"C:\xampp\htdocs\apsdreamhomefinal\assets\images\site_photo\gorakhpur\motiram.jpg"
1c83711dab47a2690e7485f15f4d1e0c,"C:\xampp\htdocs\apsdreamhomefinal\assets\images\site_photo\gorakhpur\suryoday_colony_map.png"
a5e81f19cf2c587876fd1bb08ae0249f,"C:\xampp\htdocs\apsdreamhomefinal\assets\images\user\img_avatar3.png"
df3f7d54eba0f7771dce00316ed62361,"C:\xampp\htdocs\apsdreamhomefinal\assets\js\tinymce\plugins\codesample\css\prism.css"
e26e97a318f82ec144b0818e5a8f8edb,"C:\xampp\htdocs\apsdreamhomefinal\assets\js\tinymce\plugins\emoticons\img\smiley-cool.gif"
e72bf995ceca9230273ed9909c5db9c8,"C:\xampp\htdocs\apsdreamhomefinal\assets\js\tinymce\plugins\emoticons\img\smiley-cry.gif"
d59171236e6b0b96091eeda1f7b57ce3,"C:\xampp\htdocs\apsdreamhomefinal\assets\js\tinymce\plugins\emoticons\img\smiley-embarassed.gif"
c12d9db6a14ad0b52f66f1e2cf2a38e7,"C:\xampp\htdocs\apsdreamhomefinal\assets\js\tinymce\plugins\emoticons\img\smiley-foot-in-mouth.gif"
59930208822fe755f651a67ef4b70530,"C:\xampp\htdocs\apsdreamhomefinal\assets\js\tinymce\plugins\emoticons\img\smiley-frown.gif"
ec0477c8a206ff250782e40f9bae4b4c,"C:\xampp\htdocs\apsdreamhomefinal\assets\js\tinymce\plugins\emoticons\img\smiley-innocent.gif"
4ae8945f3960751b5d294f18242e144d,"C:\xampp\htdocs\apsdreamhomefinal\assets\js\tinymce\plugins\emoticons\img\smiley-kiss.gif"
c37f405db4e13cbebf24e745534687bf,"C:\xampp\htdocs\apsdreamhomefinal\assets\js\tinymce\plugins\emoticons\img\smiley-laughing.gif"
11c14bd1496afd0e21df115d25b68e96,"C:\xampp\htdocs\apsdreamhomefinal\assets\js\tinymce\plugins\emoticons\img\smiley-money-mouth.gif"
bb828cb46b377d1589927a02f8fd1762,"C:\xampp\htdocs\apsdreamhomefinal\assets\js\tinymce\plugins\emoticons\img\smiley-sealed.gif"
2968a664098d9580079c66d628dad1a8,"C:\xampp\htdocs\apsdreamhomefinal\assets\js\tinymce\plugins\emoticons\img\smiley-smile.gif"
2e136ebd637bf3e6c9fc6bdc20cbe73e,"C:\xampp\htdocs\apsdreamhomefinal\assets\js\tinymce\plugins\emoticons\img\smiley-surprised.gif"
5ec3bb4781c8e43a51d3a1a948b98fc0,"C:\xampp\htdocs\apsdreamhomefinal\assets\js\tinymce\plugins\emoticons\img\smiley-tongue-out.gif"
3c0c011d16b1a2331385ed97e160a42a,"C:\xampp\htdocs\apsdreamhomefinal\assets\js\tinymce\plugins\emoticons\img\smiley-undecided.gif"
897275ac7d07032b4d93fb83a0d2a41b,"C:\xampp\htdocs\apsdreamhomefinal\assets\js\tinymce\plugins\emoticons\img\smiley-wink.gif"
19bb8ebfe3c2f5ef3ffb9aa4a027900d,"C:\xampp\htdocs\apsdreamhomefinal\assets\js\tinymce\plugins\emoticons\img\smiley-yell.gif"
64ae1cb2051b82fb5af952b89b20b411,"C:\xampp\htdocs\apsdreamhomefinal\assets\js\tinymce\plugins\help\img\logo.png"
03ea1695db057e6a1aa0b24699401ef7,"C:\xampp\htdocs\apsdreamhomefinal\assets\js\tinymce\plugins\visualblocks\css\visualblocks.css"
0de56511864c9de2a5cdb878010fc550,"C:\xampp\htdocs\apsdreamhomefinal\assets\js\tinymce\skins\lightgray\content.inline.min.css"
0be8f6d47b7eb85f49cbb5b54feb4b40,"C:\xampp\htdocs\apsdreamhomefinal\assets\js\tinymce\skins\lightgray\content.min.css"
0684a64086ad1114949a1e51f06aa750,"C:\xampp\htdocs\apsdreamhomefinal\assets\js\tinymce\skins\lightgray\content.mobile.min.css"
baecf466c40e709e7ffdbc935fc0813a,"C:\xampp\htdocs\apsdreamhomefinal\assets\js\tinymce\skins\lightgray\fonts\tinymce-mobile.woff"
12d26c285b71d790f4b0c94423ef1f99,"C:\xampp\htdocs\apsdreamhomefinal\assets\js\tinymce\skins\lightgray\fonts\tinymce-small.eot"
a2a1f732cc34764c684ed521c6f3327c,"C:\xampp\htdocs\apsdreamhomefinal\assets\js\tinymce\skins\lightgray\fonts\tinymce-small.svg"
28806940c647cf671bebf4ae0630e570,"C:\xampp\htdocs\apsdreamhomefinal\assets\js\tinymce\skins\lightgray\fonts\tinymce-small.ttf"
7e0c88f02dcaf2f78c90b4dc7827b709,"C:\xampp\htdocs\apsdreamhomefinal\assets\js\tinymce\skins\lightgray\fonts\tinymce-small.woff"
06189313e1c7504e1edaa12766c2cfd9,"C:\xampp\htdocs\apsdreamhomefinal\assets\js\tinymce\skins\lightgray\fonts\tinymce.eot"
d031f47facf4331979b6f9fbac3187ef,"C:\xampp\htdocs\apsdreamhomefinal\assets\js\tinymce\skins\lightgray\fonts\tinymce.svg"
db33e7676b65cdbfddbe8cdce17ca068,"C:\xampp\htdocs\apsdreamhomefinal\assets\js\tinymce\skins\lightgray\fonts\tinymce.ttf"
50c955d592e8a54a0e4cb4936d386076,"C:\xampp\htdocs\apsdreamhomefinal\assets\js\tinymce\skins\lightgray\fonts\tinymce.woff"
abd3613571800fdcc891181d5f34f840,"C:\xampp\htdocs\apsdreamhomefinal\assets\js\tinymce\skins\lightgray\img\anchor.gif"
394bafc3cc4dfb3a0ee48c1f54669539,"C:\xampp\htdocs\apsdreamhomefinal\assets\js\tinymce\skins\lightgray\img\loader.gif"
f3726450d7457d750a2f4d9441c7ee20,"C:\xampp\htdocs\apsdreamhomefinal\assets\js\tinymce\skins\lightgray\img\object.gif"
12bf9e19374920de3146a64775f46a5e,"C:\xampp\htdocs\apsdreamhomefinal\assets\js\tinymce\skins\lightgray\img\trans.gif"
535a474e0799c2da9168379230ea07fd,"C:\xampp\htdocs\apsdreamhomefinal\assets\js\tinymce\skins\lightgray\skin.min.css"
ed35fe29e06d4ba147334174270a198a,"C:\xampp\htdocs\apsdreamhomefinal\assets\js\tinymce\skins\lightgray\skin.min.css.map"
b7a6f110d8850de4aee094cff66bcc28,"C:\xampp\htdocs\apsdreamhomefinal\assets\js\tinymce\skins\lightgray\skin.mobile.min.css"
6fbc42807e5c3e0ba7912b123d0c5979,"C:\xampp\htdocs\apsdreamhomefinal\assets\js\tinymce\skins\lightgray\skin.mobile.min.css.map"
e204f09fbacff7f54e5b89cc71ef199a,"C:\xampp\htdocs\apsdreamhomefinal\database\migrations\aps_data_migration.sql"
3b0bbe596e8bbcc24148cb231649bbdc,"C:\xampp\htdocs\apsdreamhomefinal\fonts\flaticon\Flaticond41d.html"
3c43a0675f99162f9206527bc9425373,"C:\xampp\htdocs\apsdreamhomefinal\images\01.jpg"
2412ce96c426c28d787093dac257af1e,"C:\xampp\htdocs\apsdreamhomefinal\images\amenities\1.jpg"
f12a66944af542136c8d60cac8f4f572,"C:\xampp\htdocs\apsdreamhomefinal\images\amenities\2.jpg"
7234f9283dce315fd9ccba0af18d4699,"C:\xampp\htdocs\apsdreamhomefinal\images\amenities\3.jpg"
bd47602f6d7bcd8e7289fe0970bb6e6b,"C:\xampp\htdocs\apsdreamhomefinal\images\amenities\4.jpg"
ffd6ab1e9965908351ef7d62aa58731a,"C:\xampp\htdocs\apsdreamhomefinal\images\amenities\5.jpg"
94d975ecbcd1722f94303810a0d3ffb6,"C:\xampp\htdocs\apsdreamhomefinal\images\amenities\6.jpg"
300220aa022b04a99aca6c3b51a67a8b,"C:\xampp\htdocs\apsdreamhomefinal\images\amenities\7.jpg"
47f1ca88e40edd7e4c4da4ae4339dab0,"C:\xampp\htdocs\apsdreamhomefinal\images\apply.jpg"
3a236955736753f67064c20fc5bcc3c5,"C:\xampp\htdocs\apsdreamhomefinal\images\bank.PNG"
6a8968b7348305bbad510bb150123dc6,"C:\xampp\htdocs\apsdreamhomefinal\images\banner\ban2.jpg"
f2281aaf43c1a9065c7126fd7a26b86a,"C:\xampp\htdocs\apsdreamhomefinal\images\banner\ban7.jpg"
551c9074b2e0a2853e18ae8915cff548,"C:\xampp\htdocs\apsdreamhomefinal\images\banner\ban8.jpg"
9388f419e1ad16332ed0a4d1d0bf9d2a,"C:\xampp\htdocs\apsdreamhomefinal\images\banner\diwaliban.jpg"
563106efa197e78141da2a475189eb19,"C:\xampp\htdocs\apsdreamhomefinal\images\banner\rshmpg.jpg"
fb4714b1b883386a67c6212ab86cac3e,"C:\xampp\htdocs\apsdreamhomefinal\images\bg-image\pattern\pattern.zip"
e72a3484bbf21c2223afccbe2fb9cc4f,"C:\xampp\htdocs\apsdreamhomefinal\images\breadcromb.jpg"
62fc52f0f9082e1e47cadb8590265c73,"C:\xampp\htdocs\apsdreamhomefinal\images\career.jpg"
2892fe073d4191dd7be69b4fb2f262f7,"C:\xampp\htdocs\apsdreamhomefinal\images\chat_icon.jpeg"
e191061071083e0bcb89cfac0713f465,"C:\xampp\htdocs\apsdreamhomefinal\images\diwali_offer.jpg"
4ff6f369c901d7ddc8aa77cf860969b7,"C:\xampp\htdocs\apsdreamhomefinal\images\house-floor-plan.png"
ade631b63976fdc75736afff4ee99b91,"C:\xampp\htdocs\apsdreamhomefinal\images\logo\a.png"
5c0cf17ce07ded81939c5f5edee5208f,"C:\xampp\htdocs\apsdreamhomefinal\images\logo\a1.ico"
c0468b6686a54ad7abec77e89b66e40f,"C:\xampp\htdocs\apsdreamhomefinal\images\logo\aps.png"
bfb4102aaa719b99185c5aa16ac8b878,"C:\xampp\htdocs\apsdreamhomefinal\images\logo\aps1.png"
ab4e72caef4fa84501996c2cfce71f69,"C:\xampp\htdocs\apsdreamhomefinal\images\logo\apsico.ico"
843cbb582fb3d59867889907eab97c79,"C:\xampp\htdocs\apsdreamhomefinal\images\logo\apsicon.ico"
ba945818e3a174979b230695bf932970,"C:\xampp\htdocs\apsdreamhomefinal\images\logo\apspng.png"
f881974dc6c6b1abf3d83f1d3b326422,"C:\xampp\htdocs\apsdreamhomefinal\images\logo\restatelg.png"
b7b1105e3c4935c3a0f4bcd98ef2209e,"C:\xampp\htdocs\apsdreamhomefinal\images\main-bg.jpg"
c25dd16bf2a26e8b4bf6329f340c1734,"C:\xampp\htdocs\apsdreamhomefinal\images\open.jpg"
97490109b533ed6c09077ca51dcb5374,"C:\xampp\htdocs\apsdreamhomefinal\images\promotionalpic\motirampro.png"
b4d1b9d05254bef86e04c86f68bb5035,"C:\xampp\htdocs\apsdreamhomefinal\images\settings.png"
cb94b764854ef8d6d5a987668cfa89d2,"C:\xampp\htdocs\apsdreamhomefinal\images\site_photo\gorakhpur\APSLOGO.png"
8b912a3b9ac0eb43276b03786d392294,"C:\xampp\htdocs\apsdreamhomefinal\images\site_photo\gorakhpur\moc.JPG"
2301b54a789106cab6682e3cfccb46ac,"C:\xampp\htdocs\apsdreamhomefinal\images\site_photo\gorakhpur\motiram map raghunath nagri.pdf"
7dfcc9deb9bbb777f547e7e813cfc9fd,"C:\xampp\htdocs\apsdreamhomefinal\images\site_photo\gorakhpur\ok1.jpg"
2e4e876a4d022928f7a218e8092edfae,"C:\xampp\htdocs\apsdreamhomefinal\images\site_photo\gorakhpur\raghunath nagri motiram.JPG"
4eb09fe68577c59fd583ceeeb54d4326,"C:\xampp\htdocs\apsdreamhomefinal\images\site_photo\gorakhpur\suryoday\aps.png"
6aef04bc28c2c9336a7cf0d6c0d4fbc5,"C:\xampp\htdocs\apsdreamhomefinal\images\site_photo\gorakhpur\suryoday\apsdesign.png"
27c23b2c932132ffcc229d9d1b2351b7,"C:\xampp\htdocs\apsdreamhomefinal\images\site_photo\gorakhpur\suryoday\g1.jpg"
0acea6dce31e2dc1599be926b4800b27,"C:\xampp\htdocs\apsdreamhomefinal\images\site_photo\gorakhpur\suryoday\g2.jpg"
43048f5c578812f478ca317d7c3812c8,"C:\xampp\htdocs\apsdreamhomefinal\images\site_photo\gorakhpur\suryoday\g3.jpg"
1162dfea2c176bef8c51019bae8ec3d2,"C:\xampp\htdocs\apsdreamhomefinal\images\site_photo\gorakhpur\suryoday\g4.jpg"
f0672fbbcdd642a978dc2b8f157a2a9c,"C:\xampp\htdocs\apsdreamhomefinal\images\site_photo\gorakhpur\suryoday\g5.jpg"
7397d92ebb1eb68c385d5d359908f48c,"C:\xampp\htdocs\apsdreamhomefinal\images\site_photo\gorakhpur\suryoday\g6.jpg"
f2ee8bbd82953d25e035af6ee31e4d9c,"C:\xampp\htdocs\apsdreamhomefinal\images\site_photo\gorakhpur\suryoday\suryoday.png"
4d21be0712961e4099bea8238e0a6c86,"C:\xampp\htdocs\apsdreamhomefinal\images\site_photo\gorakhpur\suryoday\suryoday1.png"
e450761c9a3a83e5489b2c107885ba00,"C:\xampp\htdocs\apsdreamhomefinal\images\site_photo\gorakhpur\suryoday\suryoday2.png"
e12e77e39d528a52b3270f195269d482,"C:\xampp\htdocs\apsdreamhomefinal\images\site_photo\gorakhpur\suryoday.jpg"
300fd99558982fcf09e2cf1718128574,"C:\xampp\htdocs\apsdreamhomefinal\images\site_photo\gorakhpur\suryoday1.jpeg"
8d7994c1739a206dc3b74f6fad6727bb,"C:\xampp\htdocs\apsdreamhomefinal\images\site_photo\gorakhpur\suryoday2.jpeg"
4082014345e2b11262f21d2dd488d266,"C:\xampp\htdocs\apsdreamhomefinal\images\site_photo\gorakhpur\suryoday_colony_map.jpg"
83b0457b8fba44107e28188247ce86ca,"C:\xampp\htdocs\apsdreamhomefinal\images\thank\thanku1.png"
69ac8e2607660b8c63b7b6fa75db4f9b,"C:\xampp\htdocs\apsdreamhomefinal\images\thank\thanku2.png"
526ef38de6923fa3375633ec3b1a58f9,"C:\xampp\htdocs\apsdreamhomefinal\images\thumbnail4\01 LOGIN DETAILS & PROJECT INFO.txt"
d1695210488f0048037702a727b95950,"C:\xampp\htdocs\apsdreamhomefinal\images\thumbnail4\1.jpg"
0ed063bad6b56e05356d34f6da584519,"C:\xampp\htdocs\apsdreamhomefinal\images\thumbnail4\2.jpg"
5f022822af63f15b54657a265d1c4074,"C:\xampp\htdocs\apsdreamhomefinal\images\thumbnail4\3.jpg"
6cedfc1b3d0f990c717aff383c668fee,"C:\xampp\htdocs\apsdreamhomefinal\images\thumbnail4\4.jpg"
61c84f17ca57d5b2007d4be16f65c095,"C:\xampp\htdocs\apsdreamhomefinal\images\work.jpg"
1fda75e9be22b669ed6bc69168f5c133,"C:\xampp\htdocs\apsdreamhomefinal\includes\classes\Authentication.php"
2914b54963e6eb0585148618fb4903c7,"C:\xampp\htdocs\apsdreamhomefinal\includes\config-paths.php"
d4996301824108222d9754b28c61ea0e,"C:\xampp\htdocs\apsdreamhomefinal\includes\Database.php"
9ec46da0909435f1c7ad4266119f33c1,"C:\xampp\htdocs\apsdreamhomefinal\includes\db_config.php"
6c61995f412305dba5258c3a39bad1bc,"C:\xampp\htdocs\apsdreamhomefinal\includes\functions\common-functions.php"
4ec6b8c33412571c13f4e0f5dfa574f8,"C:\xampp\htdocs\apsdreamhomefinal\includes\functions.php"
47903b11675475872011f7a298108aef,"C:\xampp\htdocs\apsdreamhomefinal\includes\migration_helper.php"
479fc61d4f1c325b92e5d7ba8f3dc72d,"C:\xampp\htdocs\apsdreamhomefinal\includes\security_config.php"
1e860fb58408166d4148d0a5aff5c0b3,"C:\xampp\htdocs\apsdreamhomefinal\includes\SessionManager.php"
37de5f75135cb8063a1c9d8dd34642e5,"C:\xampp\htdocs\apsdreamhomefinal\includes\updated-common-footer.php"
8568f9cdd3d76195d506d52a8eac4a00,"C:\xampp\htdocs\apsdreamhomefinal\includes\updated-common-header.php"
a57018fd79402a62fb6ec4ec8b61666f,"C:\xampp\htdocs\apsdreamhomefinal\includes\updated-config-paths.php"
6664bf05f16e6b3f8228e5d7d52369cd,"C:\xampp\htdocs\apsdreamhomefinal\includes\User.php"
c9af7bb1ed436887c5c50bc92b3e0d1c,"C:\xampp\htdocs\apsdreamhomefinal\includes\Validator.php"
f7ce0a672998706ebd8b983f5bad6922,"C:\xampp\htdocs\apsdreamhomefinal\js\tinymce\init-tinymce.min.js"
6f9589e0c8df783acd1760d203bafffa,"C:\xampp\htdocs\apsdreamhomefinal\js\tinymce\license.txt"
5609536617e8613a4aa2c5f1de07aafd,"C:\xampp\htdocs\apsdreamhomefinal\js\tinymce\tinymce.min.js"
6fcc3b68bce517615c21d1d744b7f024,"C:\xampp\htdocs\apsdreamhomefinal\template\mlm.JPG"
91cf821014d8d40d65e6d2c90dc714b0,"C:\xampp\htdocs\apsdreamhomefinal\template\selforce crm.pdf"
c60ac6de2eff1c92ec3d9d0936a76726,"C:\xampp\htdocs\apsdreamhomefinal\test_db_connection.php"
03783c5172ee1ad128c576bf88fac168,"C:\xampp\htdocs\apsdreamhomefinal\webfonts\fa-brands-400d41d.html"
fc9c63c8224fb341fc933641cbdd12ef,"C:\xampp\htdocs\apsdreamhomefinal\webfonts\fa-regular-400d41d.html"
ef3df98419d143d9617fe163bf4edc0b,"C:\xampp\htdocs\apsdreamhomefinal\webfonts\fa-solid-900d41d.html"
